title,totalScore,reviewsCount,street,city,state,countryCode,website,phone,categoryName,url,latitude,longitude
"Polyphonic Studios, LLC",5.0,11,3065 Cranberry Hwy Suite C-18,East Wareham,Massachusetts,US,https://www.polyphonicstudios.com/,(508) 759-1906,Recording studio,https://www.google.com/maps/search/?api=1&query=Polyphonic%20Studios%2C%20LLC&query_place_id=ChIJOf3BhnPJ5IkR-QE_oAlt8C4,,
TPS (The Print Shop),5.0,1,59 Kennebec Ave 2nd Floor,Oak Bluffs,Massachusetts,US,http://www.printshopaudio.com/,(413) 265-5064,Recording studio,https://www.google.com/maps/search/?api=1&query=TPS%20(The%20Print%20Shop)&query_place_id=ChIJO7BT7w4p5YkRjlOloXnsrsE,,
"Mixed By Toch Recording, Mixing and Mastering Studio",5.0,14,240 N Main St,Millbury,Massachusetts,US,http://www.mixedbytoch.com/,(774) 312-5344,Recording studio,https://www.google.com/maps/search/?api=1&query=Mixed%20By%20Toch%20Recording%2C%20Mixing%20and%20Mastering%20Studio&query_place_id=ChIJZRVE7xUF5IkR8friwNwhgVk,,
The Musik Studio of Cape Cod,,0,421 Wianno Ave,Osterville,Massachusetts,US,http://www.themusikstudio.com/,(508) 332-8702,Music instructor,https://www.google.com/maps/search/?api=1&query=The%20Musik%20Studio%20of%20Cape%20Cod&query_place_id=ChIJ_TF9jHct-4kRnZU0o9G-YyE,,
SSN Recording Studios,5.0,3,Greenland Pond Rd,Brewster,Massachusetts,US,https://www.ssnstudios.com/,(774) 229-3871,Recording studio,https://www.google.com/maps/search/?api=1&query=SSN%20Recording%20Studios&query_place_id=ChIJCwrm9B1A-4kROmAXQwkVZqo,,
Peerless Mastering,4.6,9,161 North St,Newton,Massachusetts,US,https://peerlessmastering.com/,(617) 527-2200,Recording studio,https://www.google.com/maps/search/?api=1&query=Peerless%20Mastering&query_place_id=ChIJvYNa2cCC44kR6SeNzS_gOKY,,
Phoenix Down Recording,4.9,123,228 Lowell St,Somerville,Massachusetts,US,http://phoenixdownrecording.com/,(973) 525-9445,Recording studio,https://www.google.com/maps/search/?api=1&query=Phoenix%20Down%20Recording&query_place_id=ChIJIR6rCC9344kRm0qEF_Wlbu0,,
Checkpoint East Studios,5.0,6,129 MA-6A,Orleans,Massachusetts,US,http://www.checkpointeast.com/,(774) 316-3221,Recording studio,https://www.google.com/maps/search/?api=1&query=Checkpoint%20East%20Studios&query_place_id=ChIJE0ZLMA9p-4kRBbepUPntZdU,,
Eidolon Recording Studios,5.0,87,137 Grove St,Waltham,Massachusetts,US,https://www.eidolonrecords.com/,(617) 818-3399,Recording studio,https://www.google.com/maps/search/?api=1&query=Eidolon%20Recording%20Studios&query_place_id=ChIJzczKxcmC44kRHLEvRv8NaE8,,
Railroad Park Recording Co.,5.0,8,18 McKinley St,Westport,Massachusetts,US,,(508) 971-8869,Recording studio,https://www.google.com/maps/search/?api=1&query=Railroad%20Park%20Recording%20Co.&query_place_id=ChIJx0rFd-L95IkR00c5oYrsiV0,,
Sound Alchemist LLC,5.0,2,139 Bellwood Cir,Bellingham,Massachusetts,US,https://www.soundalchemistllc.com/,(508) 948-5486,Recording studio,https://www.google.com/maps/search/?api=1&query=Sound%20Alchemist%20LLC&query_place_id=ChIJ2QKesbJt5IkR77ekhuC3Tes,,
Wingbeats Recording Studio,4.9,14,100 Southern Eagle Cartway,Brewster,Massachusetts,US,http://wingbeatsrecordingstudio.com/,(774) 323-8515,Recording studio,https://www.google.com/maps/search/?api=1&query=Wingbeats%20Recording%20Studio&query_place_id=ChIJjd4xyEtr-4kRUBSB7R2Muuo,,
Mix One Studios Inc,4.6,11,14 Fordham Rd,Allston,Massachusetts,US,http://www.mixonestudios.com/,(617) 536-6767,Recording studio,https://www.google.com/maps/search/?api=1&query=Mix%20One%20Studios%20Inc&query_place_id=ChIJR5785x1644kRhXAhz15tbyk,,
Studio 219 Boston Underground,5.0,6,55 William T Morrissey Blvd Suite 219,Dorchester,Massachusetts,US,,(617) 685-9329,Recording studio,https://www.google.com/maps/search/?api=1&query=Studio%20219%20Boston%20Underground&query_place_id=ChIJRxA7Ao1744kRzNK9IlSu7hs,,
Royal Starz Studios,4.8,19,"Royal Starz Studios, 12 Shaw St",Quincy,Massachusetts,US,https://royalstarzentertainmentllc.simplybook.me/v2/,(508) 232-9115,Recording studio,https://www.google.com/maps/search/?api=1&query=Royal%20Starz%20Studios&query_place_id=ChIJdabcv05j44kRpLs8AzpNVMM,,
1357 Recording Studio,5.0,11,1357 Bernardston Rd,Greenfield,Massachusetts,US,https://www.1357recordingstudio.com/,(208) 562-7984,Recording studio,https://www.google.com/maps/search/?api=1&query=1357%20Recording%20Studio&query_place_id=ChIJE-DTsTgl4YkR-Q5j6eirOcg,,
Sovereignty Music Services,,0,17 South St,Bernardston,Massachusetts,US,http://www.sovereigntymusic.com/,(413) 648-9595,Recording studio,https://www.google.com/maps/search/?api=1&query=Sovereignty%20Music%20Services&query_place_id=ChIJi5Kt9o8k4YkR32mNo37rzy0,,
Grizz Gang Forever Studios LLC,5.0,28,773 Main St,Fitchburg,Massachusetts,US,http://grizzgangforever.com/,(978) 516-3039,Recording studio,https://www.google.com/maps/search/?api=1&query=Grizz%20Gang%20Forever%20Studios%20LLC&query_place_id=ChIJyaV4Y6jn44kRPXi_pDjkjnU,,
Blu City Studio,4.9,115,36 Cambridge St,Worcester,Massachusetts,US,http://blucitystudio.com/,(508) 719-6878,Recording studio,https://www.google.com/maps/search/?api=1&query=Blu%20City%20Studio&query_place_id=ChIJCSYDvBAH5IkR9kx8s1GjPIE,,
Plus2RecordingStudio,,0,Mechanic St,Fitchburg,Massachusetts,US,http://www.facebook.com/Plus2RecordingStudio,(978) 216-0754,Recording studio,https://www.google.com/maps/search/?api=1&query=Plus2RecordingStudio&query_place_id=ChIJ5-FvHWvn44kR95f0TUkTucY,,
Wellspring Sound Studio,4.9,22,3 Eastern Rd,Acton,Massachusetts,US,https://www.wellspringsound.com/,(978) 263-9246,Recording studio,https://www.google.com/maps/search/?api=1&query=Wellspring%20Sound%20Studio&query_place_id=ChIJW1jz13KX44kRJQbfcud2wVc,,
Anthemic Recordings,5.0,12,"1607, 241 Hill Rd",Groton,MA,US,https://www.anthemicrecordingstudios.com/,(978) 877-3335,Recording studio,https://www.google.com/maps/search/?api=1&query=Anthemic%20Recordings&query_place_id=ChIJQ_wyJDLA44kRPgp3CasTFms,,
Northfire Recording Studio,4.7,20,15 Grove St,Amherst,Massachusetts,US,http://northfirerecording.com/,(413) 256-0404,Recording studio,https://www.google.com/maps/search/?api=1&query=Northfire%20Recording%20Studio&query_place_id=ChIJCzfPP-3N5okRWk9OxPJqURM,,
so—ripe studios.,5.0,72,100 Phoenix Ave #2b,Lowell,Massachusetts,US,https://www.soripestudios.com/,,Recording studio,https://www.google.com/maps/search/?api=1&query=so%E2%80%94ripe%20studios.&query_place_id=ChIJ99JE8gyn44kRNlYrRTIBmIQ,,
Infinite Recording Studios,4.9,62,236 Ash St,Reading,Massachusetts,US,https://infiniterecording.com/,(617) 286-6821,Recording studio,https://www.google.com/maps/search/?api=1&query=Infinite%20Recording%20Studios&query_place_id=ChIJD7KnLEgL44kRn4SyQGRuIhw,,
Surefire Creative Studios,4.8,17,100 Phoenix Ave,Lowell,Massachusetts,US,,,Recording studio,https://www.google.com/maps/search/?api=1&query=Surefire%20Creative%20Studios&query_place_id=ChIJZ1tXvKWm44kR1SGe7xSzjqA,,
Notown Productions,5.0,5,11 Clark St,Gardner,Massachusetts,US,https://www.notownproduction.com/?utm_source=google&utm_medium=wix_google_business_profile&utm_campaign=1266244044011152098,,Recording studio,https://www.google.com/maps/search/?api=1&query=Notown%20Productions&query_place_id=ChIJ57O0EAFf4YkRvH9p7i5-dgs,,
Ugly Duck Studios,4.9,85,55 William T Morrissey Blvd,Dorchester,Massachusetts,US,http://www.uglyduckstudios.com/,(617) 861-0510,Recording studio,https://www.google.com/maps/search/?api=1&query=Ugly%20Duck%20Studios&query_place_id=ChIJ7z0b5TJ444kRYAd9itpBqWA,,
EmpathyMusicProductions,4.9,134,,,,,https://www.empathymusicproductions.com/,(413) 454-2002,Music management and promotion,https://www.google.com/maps/search/?api=1&query=EmpathyMusicProductions&query_place_id=ChIJe_HqranABgcR9eaLlILSVZU,,
Lit Honey Productions,4.9,16,129 Concord St #6,Framingham,Massachusetts,US,https://lithoneyproductions.com/,(508) 834-2047,Recording studio,https://www.google.com/maps/search/?api=1&query=Lit%20Honey%20Productions&query_place_id=ChIJ75gOUAWJ44kRiSYFYrSfX8k,,
Merrimack Records Entertainment Inc.,4.9,10,225 Stedman St #33,Lowell,Massachusetts,US,,(978) 995-9040,Recording studio,https://www.google.com/maps/search/?api=1&query=Merrimack%20Records%20Entertainment%20Inc.&query_place_id=ChIJk8-OHmSj44kR1HJteIoQup0,,
5 LiLAC Studios,5.0,1,27 Almeria Cir,Westford,Massachusetts,US,http://www.5lilac.com/,(617) 294-9427,Recording studio,https://www.google.com/maps/search/?api=1&query=5%20LiLAC%20Studios&query_place_id=ChIJH86PDnKV44kRi4eNHj1PGU0,,
Wonka Sound,5.0,7,225 Stedman St STE 21,Lowell,Massachusetts,US,http://www.wonkasound.com/,(978) 273-9831,Recording studio,https://www.google.com/maps/search/?api=1&query=Wonka%20Sound&query_place_id=ChIJ4T70EGSj44kRqvb7QesqDWQ,,
Reptile Records,,0,144 Chappaquiddick Rd,Edgartown,Massachusetts,US,,,Recording studio,https://www.google.com/maps/search/?api=1&query=Reptile%20Records&query_place_id=ChIJQU-DwD0t5YkRK6rP4f--qd4,,
Parr Audio,,0,19 Winthrop Ave,Oak Bluffs,Massachusetts,US,http://jimmyparr.com/,(774) 212-0903,Recording studio,https://www.google.com/maps/search/?api=1&query=Parr%20Audio&query_place_id=ChIJ67ltlBop5YkRwqNSImRkwWE,,
CTNT Studios,5.0,10,303 Ashley Blvd,New Bedford,Massachusetts,US,,(774) 319-7558,Recording studio,https://www.google.com/maps/search/?api=1&query=CTNT%20Studios&query_place_id=ChIJmVx8Lavl5IkR057Pei6Yq2k,,
Ls Music studio,4.7,9,9 S 6th St,New Bedford,Massachusetts,US,,(508) 441-7641,Recording studio,https://www.google.com/maps/search/?api=1&query=Ls%20Music%20studio&query_place_id=ChIJaa0yc_Hj5IkRYbDwRwB9-g8,,
The Record Co.,4.9,139,960 Massachusetts Ave,Boston,Massachusetts,US,http://www.therecordco.org/,(617) 765-0155,Recording studio,https://www.google.com/maps/search/?api=1&query=The%20Record%20Co.&query_place_id=ChIJXypdt0Z644kRFrQIkbKOZRA,,
Bongo Beach Productions,5.0,1,29 Summer Ave,Westport,Massachusetts,US,http://www.bongobeachproductions.com/,(508) 971-8473,Recording studio,https://www.google.com/maps/search/?api=1&query=Bongo%20Beach%20Productions&query_place_id=ChIJIzOZpcL45IkRSYyCCz9ObQo,,
BandStand Live,4.8,54,391 W Water St 2nd floor,Taunton,Massachusetts,US,http://www.bandstandlive.com/,(508) 977-2263,Recording studio,https://www.google.com/maps/search/?api=1&query=BandStand%20Live&query_place_id=ChIJTWb0el7z5IkRTtn8t6zgRr4,,
Blink Music,4.9,20,129 Franklin St Suite 123,Cambridge,Massachusetts,US,http://www.blinkmusic.com/,(617) 225-0044,Recording studio,https://www.google.com/maps/search/?api=1&query=Blink%20Music&query_place_id=ChIJ-frhSVR344kRajAUsoq4rT8,,
JTHEDJ STUDIOS LLC,5.0,29,1295 River St,Hyde Park,Massachusetts,US,https://www.jthedjstudios.com/,(617) 669-3940,Recording studio,https://www.google.com/maps/search/?api=1&query=JTHEDJ%20STUDIOS%20LLC&query_place_id=ChIJjzGI6-R_44kRhexqU05TlUY,,
The Mix Loft Recording Studio,4.9,46,1431 Hancock St,Quincy,Massachusetts,US,http://www.themixloftstudio.com/,(617) 639-1205,Recording studio,https://www.google.com/maps/search/?api=1&query=The%20Mix%20Loft%20Recording%20Studio&query_place_id=ChIJO7yRM7V844kR5BqQjQuSdTw,,
Bristol Recording and Voice Studios,4.0,26,238 Huntington Ave,Boston,Massachusetts,US,https://bristolstudios.com/,(617) 247-8689,Recording studio,https://www.google.com/maps/search/?api=1&query=Bristol%20Recording%20and%20Voice%20Studios&query_place_id=ChIJ-UIJ7hp644kR7F7zdxY78dA,,
Music Street Architects,,0,11 Music St,Vineyard Haven,Massachusetts,US,,(508) 274-2905,Architect,https://www.google.com/maps/search/?api=1&query=Music%20Street%20Architects&query_place_id=ChIJVVUJA9wk5YkRua6Psl3jiCU,,
Live Edge Recording Studio,,0,MA-112,Colrain,Massachusetts,US,https://www.liveedgerecording.com/,,Recording studio,https://www.google.com/maps/search/?api=1&query=Live%20Edge%20Recording%20Studio&query_place_id=ChIJl8YtWn0h4YkRsCJX87agJLU,,
Galaxy Recording Studio,,0,1 River St Building 17,Erving,Massachusetts,US,,(413) 367-4870,Recording studio,https://www.google.com/maps/search/?api=1&query=Galaxy%20Recording%20Studio&query_place_id=ChIJhZ9MnNox4YkRan5gk_MzF4g,,
Sonelab,5.0,20,142 Pleasant St,Easthampton,Massachusetts,US,http://www.sonelab.com/,(413) 203-5251,Recording studio,https://www.google.com/maps/search/?api=1&query=Sonelab&query_place_id=ChIJG-m0IqvZ5okRH52TOcQmfv0,,
Face the Music Recording Studio,5.0,1,256 Locks Pond Rd,Shutesbury,Massachusetts,US,,(413) 367-9900,Recording studio,https://www.google.com/maps/search/?api=1&query=Face%20the%20Music%20Recording%20Studio&query_place_id=ChIJi5YFjPwz4YkRC2fIIJb1fQA,,
Melody Fair recording studio,5.0,5,Carver Rd,Plymouth,Massachusetts,US,https://ginamark.com/melody-fair-recording-studio,(774) 269-1317,Recording studio,https://www.google.com/maps/search/?api=1&query=Melody%20Fair%20recording%20studio&query_place_id=ChIJ--9oZg675IkRULAr4pJ3SLs,,
Ultrasound Productions,4.4,7,14 Hanover St,Hanover,Massachusetts,US,http://www.ultrasoundproductions.com/,(781) 956-2426,Recording studio,https://www.google.com/maps/search/?api=1&query=Ultrasound%20Productions&query_place_id=ChIJ51ivDHef5IkRG752G-09ao4,,
Turning Point Recording Studio,5.0,13,22 Bartlett St,Pembroke,Massachusetts,US,http://www.tprecords.com/,(781) 294-7593,Recording studio,https://www.google.com/maps/search/?api=1&query=Turning%20Point%20Recording%20Studio&query_place_id=ChIJt9GETg2Y5IkRpLyPBTK1Syo,,
Odd Fellows Recording,5.0,4,21 Cottage St,Weymouth,Massachusetts,US,http://oddfellowsrecording.com/,(781) 331-3960,Recording studio,https://www.google.com/maps/search/?api=1&query=Odd%20Fellows%20Recording&query_place_id=ChIJqcfiFstj44kRLcJY2LnSbA4,,
37' Productions,5.0,5,375 Liberty St,Rockland,Massachusetts,US,http://37ft.com/,(339) 788-1162,Recording studio,https://www.google.com/maps/search/?api=1&query=37'%20Productions&query_place_id=ChIJ0be-XSqc5IkRJjJYHEm4u9s,,
RISE | Boston's Premier Studio,5.0,2,87 Washington St,Weymouth,Massachusetts,US,http://www.risestudiosboston.com/,(617) 910-0795,Recording studio,https://www.google.com/maps/search/?api=1&query=RISE%20%7C%20Boston's%20Premier%20Studio&query_place_id=ChIJizjmKgBj44kR7PRObQl6AT0,,
Creative Audio Works LLC,5.0,7,15 Bay Colony Dr,Plymouth,Massachusetts,US,https://creativeaudioworks.com/,(508) 747-1858,Recording studio,https://www.google.com/maps/search/?api=1&query=Creative%20Audio%20Works%20LLC&query_place_id=ChIJS4gxyX2w5IkRMEO2AAt9ZPQ,,
John Eye Productions / Beach House Studios,5.0,6,47 Wituwamat Rd,Weymouth,Massachusetts,US,http://www.thebeachhousestudios.com/#contact,,Recording studio,https://www.google.com/maps/search/?api=1&query=John%20Eye%20Productions%20%2F%20Beach%20House%20Studios&query_place_id=ChIJFV5loZxj44kRgTgNDuSffyI,,
The SoundLab Recording Studios,4.7,25,60 Skinner St,Brockton,Massachusetts,US,http://www.soundlabma.com/,(508) 521-9170,Recording studio,https://www.google.com/maps/search/?api=1&query=The%20SoundLab%20Recording%20Studios&query_place_id=ChIJOeBVDNqE5IkR-fYl5bfx1dw,,
Professional Audio Design,4.3,24,199 Winter St,Hanover,Massachusetts,US,https://www.proaudiodesign.com/,(781) 982-2600,Audio visual equipment supplier,https://www.google.com/maps/search/?api=1&query=Professional%20Audio%20Design&query_place_id=ChIJK9N1Zyqc5IkRTVVB_G3cHYg,,
Sawmill Recordings,5.0,1,272 Pine St,Holbrook,Massachusetts,US,https://www.sawmillrecordings.com/,(781) 964-0431,Recording studio,https://www.google.com/maps/search/?api=1&query=Sawmill%20Recordings&query_place_id=ChIJAXOuDYSd5IkRAdestYUg-xY,,
Skyhouse Recording Studio,4.5,8,1458 Hancock St,Quincy,Massachusetts,US,http://skyhouserecording.com/,(617) 903-0844,Recording studio,https://www.google.com/maps/search/?api=1&query=Skyhouse%20Recording%20Studio&query_place_id=ChIJSSoN_qd_5IkRuf9NHVSgdpo,,
City Life Recording Studios,5.0,4,33 Dover St,Brockton,Massachusetts,US,,(508) 263-0469,Recording studio,https://www.google.com/maps/search/?api=1&query=City%20Life%20Recording%20Studios&query_place_id=ChIJt9vZ0zaF5IkRcKsda4gWp7c,,
Adlib Studios,5.0,2,1150 Hancock St,Quincy,Massachusetts,US,https://www.adlibstudiosllc.com/,,Recording studio,https://www.google.com/maps/search/?api=1&query=Adlib%20Studios&query_place_id=ChIJh-lNvf9944kRZLHcXWbXqTw,,
Clips films and studios,5.0,2,630 Montello St,Brockton,Massachusetts,US,,(508) 818-6560,Recording studio,https://www.google.com/maps/search/?api=1&query=Clips%20films%20and%20studios&query_place_id=ChIJKwkEz6yF5IkRt-mE3h0H__M,,
Augspurger,5.0,1,199 Winter St,Hanover,Massachusetts,US,http://augspurger.com/,(781) 616-6325,Store,https://www.google.com/maps/search/?api=1&query=Augspurger&query_place_id=ChIJPbmCnNqe5IkRD8lROzew_2s,,
Soundcheck Studios,4.8,398,150 Corporate Park Dr,Pembroke,Massachusetts,US,https://www.soundcheck-studios.com/,(781) 730-5233,Live music venue,https://www.google.com/maps/search/?api=1&query=Soundcheck%20Studios&query_place_id=ChIJJybBgkmh5IkR40Us4y0P5Ec,,
Traxshed Sound Studio,,0,38 Edgeworth St,Weymouth,Massachusetts,US,,(617) 833-5804,Recording studio,https://www.google.com/maps/search/?api=1&query=Traxshed%20Sound%20Studio&query_place_id=ChIJse2AEz5i44kR0WDEnBd_FxQ,,
RT3 Stages,5.0,3,125 Enterprise Dr,Marshfield,Massachusetts,US,http://rt3stages.com/,(617) 933-9733,Photography studio,https://www.google.com/maps/search/?api=1&query=RT3%20Stages&query_place_id=ChIJ52AlOjCh5IkRB8_vVTJFWbk,,
expozedtv Studios,5.0,60,51 B St #6,Hanover,Massachusetts,US,http://expozedtv.com/,(339) 788-9482,Video production service,https://www.google.com/maps/search/?api=1&query=expozedtv%20Studios&query_place_id=ChIJ9wXozjZ344kRI9oFcYrMaOU,,
Hop Top Films,5.0,8,83 E Water St,Rockland,Massachusetts,US,https://www.hoptopfilms.com/,(508) 821-8827,Film production company,https://www.google.com/maps/search/?api=1&query=Hop%20Top%20Films&query_place_id=ChIJYSbuboad5IkR04qLnvFGdc0,,
MML Studios,4.9,10,102 Bellevue St,Boston,Massachusetts,US,,(857) 939-4842,Recording studio,https://www.google.com/maps/search/?api=1&query=MML%20Studios&query_place_id=ChIJ0aCKNXJ744kRFPZYaXH50m8,,
Firekeeper Recording Studios,4.9,68,47 Pleasant St,Everett,Massachusetts,US,https://www.firekeeperstudios.com/,(401) 585-0557,Recording studio,https://www.google.com/maps/search/?api=1&query=Firekeeper%20Recording%20Studios&query_place_id=ChIJB0nZZihx44kRt8l7VgVzYJg,,
R Productions,5.0,3,30 Ivy Cir,Bridgewater,Massachusetts,US,https://rprostudio.com/,(800) 524-1487,Recording studio,https://www.google.com/maps/search/?api=1&query=R%20Productions&query_place_id=ChIJI38i7OiN5IkRZ5hBJ29UoLo,,
Provincetown Recording Studio,,0,74 Shank Painter Rd Unit 2B,Provincetown,Massachusetts,US,https://provincetownrecords.com/,(508) 789-2438,Recording studio,https://www.google.com/maps/search/?api=1&query=Provincetown%20Recording%20Studio&query_place_id=ChIJsQNRbA6n_IkRA_RAzGPVjuc,,
Magic on the Beat,,0,33 Dover St,Brockton,Massachusetts,US,https://magiconthebeat.ueniweb.com/?utm_campaign=gmb,(774) 257-4115,Music producer,https://www.google.com/maps/search/?api=1&query=Magic%20on%20the%20Beat&query_place_id=ChIJ04Dxt62F5IkRwCkvchCnGeI,,
Mile Brook Sound LLC,,0,280 S Main St,West Bridgewater,Massachusetts,US,http://www.milebrooksound.com/,(508) 587-9103,Recording studio,https://www.google.com/maps/search/?api=1&query=Mile%20Brook%20Sound%20LLC&query_place_id=ChIJo_Z0XCaQ5IkRMfG2rIQOG6A,,
Plug Made Records,,0,33 Dover St,Brockton,Massachusetts,US,,(774) 707-6533,Music producer,https://www.google.com/maps/search/?api=1&query=Plug%20Made%20Records&query_place_id=ChIJ533QDMaF5IkRI4GekmZHBDw,,
frequencyforgestudio,5.0,1,33 Dover St,Brockton,Massachusetts,US,https://www.frequencyforgestudio.com/?utm_source=google&utm_medium=wix_google_business_profile&utm_campaign=16026481889697205855,(774) 257-5515,Recording studio,https://www.google.com/maps/search/?api=1&query=frequencyforgestudio&query_place_id=ChIJOw2GlqiF5IkRaPkYFkzIM00,,
BSG Studios,,0,630 Montello St,Brockton,Massachusetts,US,,,Recording studio,https://www.google.com/maps/search/?api=1&query=BSG%20Studios&query_place_id=ChIJi9alZSKF5IkRML5FJpngnCE,,
Takeoff Studios,,0,630 Montello St,Brockton,Massachusetts,US,,,Recording studio,https://www.google.com/maps/search/?api=1&query=Takeoff%20Studios&query_place_id=ChIJt5gdq0mF5IkRYLx-DeOfojE,,
Vindaloo Music Inc,5.0,1,145 Webster St suite h,Hanover,Massachusetts,US,,(781) 871-9299,Business management consultant,https://www.google.com/maps/search/?api=1&query=Vindaloo%20Music%20Inc&query_place_id=ChIJXVsv6dGf5IkRoT2zLMX4wFE,,
Limitless Music Studios,5.0,10,33 Dover St Suite 318,Brockton,Massachusetts,US,,,Recording studio,https://www.google.com/maps/search/?api=1&query=Limitless%20Music%20Studios&query_place_id=ChIJycGZu4iF5IkRP8EAhEQugJk,,
4 Productions,5.0,1,23 Norfolk Ave,South Easton,Massachusetts,US,https://www.4productions.com/,(774) 568-5400,Video production service,https://www.google.com/maps/search/?api=1&query=4%20Productions&query_place_id=ChIJqy9O91uP5IkROexlR_iWtok,,
Haynes Private Music Lessons,5.0,16,625 Bedford St,East Bridgewater,Massachusetts,US,http://haynesprivatemusiclessons.com/,(508) 456-4447,Recording studio,https://www.google.com/maps/search/?api=1&query=Haynes%20Private%20Music%20Lessons&query_place_id=ChIJR-z_552R5IkR8btCDlx7g5w,,
Bosse School of Music,3.8,10,998 Middle St,Weymouth,Massachusetts,US,https://bosseschoolofmusic.com/,(781) 337-8500,Music school,https://www.google.com/maps/search/?api=1&query=Bosse%20School%20of%20Music&query_place_id=ChIJcaErP2Ni44kRcXhumnxQz3k,,
The Sandpaper Factory,4.9,44,83 E Water St,Rockland,Massachusetts,US,https://www.4thfloorartists.com/,(617) 872-5711,Arts organization,https://www.google.com/maps/search/?api=1&query=The%20Sandpaper%20Factory&query_place_id=ChIJwb3LuCic5IkRCjls_Vqvc-M,,
Pro Audio Distribution,5.0,1,199 Winter St,Hanover,Massachusetts,US,http://proaudiodistribution.com/,(877) 223-8858,Wholesaler,https://www.google.com/maps/search/?api=1&query=Pro%20Audio%20Distribution&query_place_id=ChIJWfheFqah5IkRTcwOE3Jp_2w,,
PixelBurst Studio,5.0,6,,,,,https://pixelburststudio.com/,(508) 269-9810,Design agency,https://www.google.com/maps/search/?api=1&query=PixelBurst%20Studio&query_place_id=ChIJG-B_sDgQsQcRnZ3Pk26dQFA,,
Pilot Recording Studios,5.0,5,1073 Main St,Housatonic,Massachusetts,US,http://pilotrecording.com/,(413) 274-1073,Recording studio,https://www.google.com/maps/search/?api=1&query=Pilot%20Recording%20Studios&query_place_id=ChIJuQcCLDxp54kRzXaGtrdGFQc,,
Jackson Whalan Music,5.0,8,430 Park St #2A,Housatonic,Massachusetts,US,https://www.jacksonwhalan.com/,(413) 591-0065,Recording studio,https://www.google.com/maps/search/?api=1&query=Jackson%20Whalan%20Music&query_place_id=ChIJf-DN37Zh54kREUC5yNXmYs0,,
Ghost Hit Recording,5.0,70,732 Elm St,West Springfield,Massachusetts,US,http://www.ghosthitrecording.com/,,Recording studio,https://www.google.com/maps/search/?api=1&query=Ghost%20Hit%20Recording&query_place_id=ChIJP1vXJCPc5okRbwmgcCMaFno,,
Sub Sound Recordings | Recording Studio,5.0,14,1391 Main St,Springfield,Massachusetts,US,https://www.subsoundrecordings.com/?utm_source=google&utm_medium=wix_google_business_profile&utm_campaign=9019947964647201375,(413) 355-9914,Recording studio,https://www.google.com/maps/search/?api=1&query=Sub%20Sound%20Recordings%20%7C%20Recording%20Studio&query_place_id=ChIJnQ93Zdzn5okRPINf4h-vBWg,,
The Soundry Music Studio,5.0,8,46 Main St,South Egremont,Massachusetts,US,http://www.soundrystudio.com/,(201) 410-5241,Music school,https://www.google.com/maps/search/?api=1&query=The%20Soundry%20Music%20Studio&query_place_id=ChIJpfxqGaJj54kRPtEC3PbFmvI,,
Delta Sound Recordings,4.8,5,175W W Main St Building 11,Millbury,Massachusetts,US,https://www.deltasoundrecordings.com/,(508) 868-5863,Recording studio,https://www.google.com/maps/search/?api=1&query=Delta%20Sound%20Recordings&query_place_id=ChIJD_KDZzMH5IkRRcjpoHZBry0,,
Bay State Music Studios,5.0,1,9 Lincoln St,Milford,Massachusetts,US,http://baystatemusicstudios.com/,(774) 573-1664,Recording studio,https://www.google.com/maps/search/?api=1&query=Bay%20State%20Music%20Studios&query_place_id=ChIJj2ZUi41z5IkRQTgEEYrhdxU,,
Renewal Studios,4.5,8,65 Southbridge St,Auburn,Massachusetts,US,,(774) 312-6375,Recording studio,https://www.google.com/maps/search/?api=1&query=Renewal%20Studios&query_place_id=ChIJ9Q0rHigF5IkRj9rUjd-FLhM,,
TreeHouse Collectives,5.0,16,250 Main St,Oxford,Massachusetts,US,http://www.treehousecollectives.com/,(508) 731-0242,Recording studio,https://www.google.com/maps/search/?api=1&query=TreeHouse%20Collectives&query_place_id=ChIJd13AHz4d5IkRkfoDMloDh3s,,
Audio By Drumm,5.0,2,70 Mt Pleasant St,Milford,Massachusetts,US,http://audiobydrumm.com/?utm_source=gmb&utm_medium=referral,(508) 488-9858,Recording studio,https://www.google.com/maps/search/?api=1&query=Audio%20By%20Drumm&query_place_id=ChIJTSJ65vlz5IkRqr3Yha_ukko,,
Melodic Waves,5.0,5,258 Main St,Milford,Massachusetts,US,https://www.melodic-waves.com/,(508) 308-0041,Recording studio,https://www.google.com/maps/search/?api=1&query=Melodic%20Waves&query_place_id=ChIJIc4kLUpz5IkR79gJ96YFYNc,,
Celebration Sound Recording,4.5,4,70 Lauren Dr,Seekonk,Massachusetts,US,http://www.celebrationsound.com/,(508) 336-0275,Recording studio,https://www.google.com/maps/search/?api=1&query=Celebration%20Sound%20Recording&query_place_id=ChIJ2U4_86Nb5IkRipxtGzi7rQ0,,
Level Up Entertainment,,0,154 Central St,Southbridge,Massachusetts,US,https://levelupentertainment508.com/?utm_campaign=gmb,(774) 289-6987,Video production service,https://www.google.com/maps/search/?api=1&query=Level%20Up%20Entertainment&query_place_id=ChIJk8wrI2Oj5okR89dHUTVU1vQ,,
Echo Recording Studio,5.0,15,175 W Main St Ste 5,Millbury,Massachusetts,US,https://www.echostudiosmass.com/,,Recording studio,https://www.google.com/maps/search/?api=1&query=Echo%20Recording%20Studio&query_place_id=ChIJWzfDsjQF5IkRgn77knPlltI,,
Music Wizardry Studio by the Eccentric Musician Co.,,0,"1 Norwood Ct suite 6, Studio C",North Oxford,Massachusetts,US,https://emcrecordinglabel.com/,(774) 287-5773,Recording studio,https://www.google.com/maps/search/?api=1&query=Music%20Wizardry%20Studio%20by%20the%20Eccentric%20Musician%20Co.&query_place_id=ChIJOfH_OWEP5IkRUN019WwVkqM,,
New England Productions,5.0,2,190 Rocklawn Ave,Attleboro,Massachusetts,US,,(508) 455-5637,Recording studio,https://www.google.com/maps/search/?api=1&query=New%20England%20Productions&query_place_id=ChIJc-st339d5IkR0g3UNm-gyKU,,
Cre8 Recording Studios,,0,175 W Main St bldg 5 suite 2,Millbury,Massachusetts,US,https://www.cre8studios.com/,(774) 312-5344,Recording studio,https://www.google.com/maps/search/?api=1&query=Cre8%20Recording%20Studios&query_place_id=ChIJmwzKWuIF5IkRpHxtazmcal0,,
GoodTimes Studios,,0,70 James St,Worcester,Massachusetts,US,,(508) 981-3797,Recording studio,https://www.google.com/maps/search/?api=1&query=GoodTimes%20Studios&query_place_id=ChIJ-e94voYF5IkRicHAqpE3ur8,,
Labrador Sound Studios,,0,Hawkins St,Plainville,Massachusetts,US,http://labradorsoundstudios.com/,(508) 954-6199,Recording studio,https://www.google.com/maps/search/?api=1&query=Labrador%20Sound%20Studios&query_place_id=ChIJGRCkegBn5IkRpWo2yjfFpiI,,
StarFleet Audio LLC,5.0,4,166 Church St,Whitinsville,Massachusetts,US,http://starfleetaudio.com/,(508) 556-4803,Recording studio,https://www.google.com/maps/search/?api=1&query=StarFleet%20Audio%20LLC&query_place_id=ChIJm7SCrS0S5IkRhwkVLLkVa-E,,
Love Song Productions,,0,11 Wayne Rd,Milford,Massachusetts,US,,(508) 478-5002,Recording studio,https://www.google.com/maps/search/?api=1&query=Love%20Song%20Productions&query_place_id=ChIJS5VhSOFy5IkRRQspG3dl20E,,
Encore Music Academy and Recording Studios,5.0,6,3 Bent St,Franklin,Massachusetts,US,http://www.encoremusicacademy.net/,(508) 533-7700,Recording studio,https://www.google.com/maps/search/?api=1&query=Encore%20Music%20Academy%20and%20Recording%20Studios&query_place_id=ChIJp_rS3m5w5IkRsspW91yptkE,,
"Chris Mentillo, Writer & Producer",5.0,1,,,,,,(508) 212-7945,Book publisher,https://www.google.com/maps/search/?api=1&query=Chris%20Mentillo%2C%20Writer%20%26%20Producer&query_place_id=ChIJSR9XqzBj5IkRxyP7DIcDjyQ,,
Fallout Shelter,4.8,60,61 Endicott St,Norwood,Massachusetts,US,https://www.extendedplaysessions.com/,,Live music bar,https://www.google.com/maps/search/?api=1&query=Fallout%20Shelter&query_place_id=ChIJMyNFj0d-5IkRX8pcY7ojF-o,,
Mas Productions Premium Sound Services,,0,177 Church Ave,Northbridge,Massachusetts,US,,(508) 234-7706,Live music venue,https://www.google.com/maps/search/?api=1&query=Mas%20Productions%20Premium%20Sound%20Services&query_place_id=ChIJ62T4aPMN5IkRCZ6v7QS5_eE,,
1ntrigue Studios (By appointment only),,0,32 Brook St,Webster,Massachusetts,US,,(323) 300-4474,Photography studio,https://www.google.com/maps/search/?api=1&query=1ntrigue%20Studios%20(By%20appointment%20only)&query_place_id=ChIJ7yxJEXgf5IkRGL77-1AoY_w,,
Graybeard Recording Studios,5.0,14,35 Tripp St,Framingham,Massachusetts,US,https://www.graybeardrecordingstudios.com/,(508) 745-0552,Recording studio,https://www.google.com/maps/search/?api=1&query=Graybeard%20Recording%20Studios&query_place_id=ChIJo5JmNa6J44kRBEfwxaOz4bA,,
NoCulture Studios,4.9,40,763 Waverly St,Framingham,Massachusetts,US,http://noculture.app/,(508) 300-9865,Recording studio,https://www.google.com/maps/search/?api=1&query=NoCulture%20Studios&query_place_id=ChIJewF4tjKI44kRT2E0D6MPpbQ,,
Azaffe Productions,5.0,7,3 Hadley Ln,Westborough,Massachusetts,US,https://www.azaffeproductions.com/,(978) 746-1493,Recording studio,https://www.google.com/maps/search/?api=1&query=Azaffe%20Productions&query_place_id=ChIJs16O3v4L5IkR2WkQVMirYzg,,
Bostonia Records,,0,"Main Building, 25 Marlboro Rd",Southborough,Massachusetts,US,http://bostoniarecords.com/,(617) 529-4499,Recording studio,https://www.google.com/maps/search/?api=1&query=Bostonia%20Records&query_place_id=ChIJ6V3LMzaL44kRyHKvsmj1Yt8,,
Shrewsbury Recording Studio,3.0,1,7 Old Brook Rd,Shrewsbury,Massachusetts,US,,(508) 439-2574,Recording studio,https://www.google.com/maps/search/?api=1&query=Shrewsbury%20Recording%20Studio&query_place_id=ChIJvZ4AEaAJ5IkRlN_aJlnhF4Y,,
R&R Recordz,5.0,4,574 Boston Rd,Billerica,Massachusetts,US,http://rnrrecordz.com/,,Recording studio,https://www.google.com/maps/search/?api=1&query=R%26R%20Recordz&query_place_id=ChIJhwlyoO6h44kRsuDeTrirJqk,,
BKY Music,5.0,2,368 Hillside Ave,Needham,Massachusetts,US,http://bkymusic.com/,(781) 444-2326,Recording studio,https://www.google.com/maps/search/?api=1&query=BKY%20Music&query_place_id=ChIJmeqZLZyB44kRatBv5Y0hkfM,,
Breezy Studios,5.0,8,8C Commerce Dr,Orleans,Massachusetts,US,https://www.breezystudios.com/,(508) 348-9655,Recording studio,https://www.google.com/maps/search/?api=1&query=Breezy%20Studios&query_place_id=ChIJHRTe-Qlr-4kR6OXxpgBb2sQ,,
Breezy Beats,5.0,3,239 Upper County Rd,South Dennis,Massachusetts,US,,(917) 685-3439,Recording studio,https://www.google.com/maps/search/?api=1&query=Breezy%20Beats&query_place_id=ChIJP7JmyjQ5-4kRw-9jIsHAJxQ,,
Cape Caudio,5.0,1,307 Old Main St,South Yarmouth,Massachusetts,US,https://www.capecaudio.com/?utm_source=google&utm_medium=wix_google_business_profile&utm_campaign=2591546090950892957,(508) 470-3301,Recording studio,https://www.google.com/maps/search/?api=1&query=Cape%20Caudio&query_place_id=ChIJHX-iLME7-4kRwKn_2G6Gxg8,,
123 Audio Ads,,0,481 River Rd,Marstons Mills,Massachusetts,US,http://www.123audioads.com/,(508) 289-1164,Recording studio,https://www.google.com/maps/search/?api=1&query=123%20Audio%20Ads&query_place_id=ChIJj6sAO9Ey-4kRSQJZmafDfs0,,
The Brick Hithouse,5.0,2,42 Warehouse Rd,Hyannis,Massachusetts,US,,,Recording studio,https://www.google.com/maps/search/?api=1&query=The%20Brick%20Hithouse&query_place_id=ChIJQ94zZhgx-4kROtHx6JaphBQ,,
Dunn music studios LLC,,0,700 Setucket Rd,Brewster,Massachusetts,US,https://soundcloud.com/undergroundhiphopkings,(774) 368-3902,Recording studio,https://www.google.com/maps/search/?api=1&query=Dunn%20music%20studios%20LLC&query_place_id=ChIJEQjxYVE_-4kReW9MsQbhNx8,,
E Coast Music Productions,,0,1801 Blosslam Ct,West Hyannisport,Massachusetts,US,,(508) 771-8826,Recording studio,https://www.google.com/maps/search/?api=1&query=E%20Coast%20Music%20Productions&query_place_id=ChIJAQAA3JAx-4kR87FYIu-ceDw,,
WaterTiger Music,5.0,1,4380 Falmouth Rd,Cotuit,Massachusetts,US,,(774) 251-0240,Recording studio,https://www.google.com/maps/search/?api=1&query=WaterTiger%20Music&query_place_id=ChIJc-jwQFDN5IkRDPuqP-psnbk,,
Ambassador Productions,,0,29 Cleveland Way,West Yarmouth,Massachusetts,US,http://www.provincetowncabaretfest.com/,(508) 776-1340,Music producer,https://www.google.com/maps/search/?api=1&query=Ambassador%20Productions&query_place_id=ChIJVWTwPUAx-4kRsjmDPLVDvMg,,
Plaid Dog Recording,4.7,63,55 Pond St #1A,Waltham,Massachusetts,US,http://www.plaiddogrecording.com/,(617) 870-4948,Recording studio,https://www.google.com/maps/search/?api=1&query=Plaid%20Dog%20Recording&query_place_id=ChIJud4NBc5544kRl0cf9Glx4g4,,
Barre Music Studio,,0,300 N Brookfield Rd,Barre,Massachusetts,US,https://barremusicstudio.mymusicstaff.com/,,Music school,https://www.google.com/maps/search/?api=1&query=Barre%20Music%20Studio&query_place_id=ChIJD-yc1FCt5okR9kTNSjHeXXs,,
Northeastern Digital Recording,,0,2 Hidden Meadow Ln,Southborough,Massachusetts,US,,(508) 481-9322,Video production service,https://www.google.com/maps/search/?api=1&query=Northeastern%20Digital%20Recording&query_place_id=ChIJiyO5jYKK44kRib82ljvhrRY,,
New Alliance East Mastering,5.0,4,438R Somerville Ave,Somerville,Massachusetts,US,http://www.newallianceeast.com/,(617) 650-3148,Recording studio,https://www.google.com/maps/search/?api=1&query=New%20Alliance%20East%20Mastering&query_place_id=ChIJpZWADVZ344kR50G2Gj1HmMo,,
JordanrofficialServices,,0,97 Water St FLOOR 3,Worcester,Massachusetts,US,,(508) 414-7488,Musician,https://www.google.com/maps/search/?api=1&query=JordanrofficialServices&query_place_id=ChIJQ5OrposF5IkR_hOA6XtCo_w,,
Audible Chemistry Studios,,0,N Main St,Petersham,Massachusetts,US,http://www.audiblechemistrystudios.com/contact-us.html,(802) 683-9933,Recording studio,https://www.google.com/maps/search/?api=1&query=Audible%20Chemistry%20Studios&query_place_id=ChIJP4ghIKxP4YkRoi2ytNqJPRI,,
Blind Moose Studios,5.0,2,2 Conz St,Northampton,Massachusetts,US,http://blindmoosestudios.com/,,Recording studio,https://www.google.com/maps/search/?api=1&query=Blind%20Moose%20Studios&query_place_id=ChIJoUci7hzX5okRNMt_9t3UXe0,,
Soundshine Productions,,0,47 Bay State Rd,Worcester,Massachusetts,US,,(508) 269-1728,Recording studio,https://www.google.com/maps/search/?api=1&query=Soundshine%20Productions&query_place_id=ChIJvyM0p8UH5IkRjdNOKNOPrZ0,,
Dead Moon Audio,5.0,1,191 Highland Ave b1,Somerville,Massachusetts,US,http://deadmoonaudio.com/,(617) 684-5557,Recording studio,https://www.google.com/maps/search/?api=1&query=Dead%20Moon%20Audio&query_place_id=ChIJf6QwW-9344kR6MsqeBhjsYk,,
Mad Oak Studios,5.0,11,390 Cambridge St,Allston,Massachusetts,US,http://madoakstudios.com/,(857) 205-4279,Recording studio,https://www.google.com/maps/search/?api=1&query=Mad%20Oak%20Studios&query_place_id=ChIJFyLrzc9544kRqflu-qMQsyM,,
M-Works Mastering Studio Inc,,0,1 Fitchburg St,Somerville,Massachusetts,US,,(617) 577-0089,Recording studio,https://www.google.com/maps/search/?api=1&query=M-Works%20Mastering%20Studio%20Inc&query_place_id=ChIJ4bpNYbRw44kR9tf5Wa2O4Qk,,
Do Over Don't,5.0,20,76 Astor Ave,Norwood,Massachusetts,US,https://www.dooverdont.com/,(617) 797-3047,Recording studio,https://www.google.com/maps/search/?api=1&query=Do%20Over%20Don't&query_place_id=ChIJ5WJ6sb2B5IkRhrxQ8M-pK2A,,
LMI Studios - LaFlamme Music Instruction,5.0,6,167 Benton Dr,East Longmeadow,Massachusetts,US,https://lmistudio.com/,(413) 224-1753,Recording studio,https://www.google.com/maps/search/?api=1&query=LMI%20Studios%20-%20LaFlamme%20Music%20Instruction&query_place_id=ChIJI-paI-7l5okRTkFzcZndJW0,,
Zing Recording Studio,4.2,6,104 Mainline Dr # A,Westfield,Massachusetts,US,,(413) 562-8823,Recording studio,https://www.google.com/maps/search/?api=1&query=Zing%20Recording%20Studio&query_place_id=ChIJ946vFz4e54kRPliG0ufqZCc,,
TRAQ House Recording Studio,,0,312 Montgomery St,Chicopee,Massachusetts,US,http://www.traqhouse.net/,(413) 459-2446,Recording studio,https://www.google.com/maps/search/?api=1&query=TRAQ%20House%20Recording%20Studio&query_place_id=ChIJM9oFPw_d5okRtt9SBm-iKSc,,
Martyn Productions Recording Studio,5.0,2,,,,,http://www.martynproductions.com/,(413) 388-1621,Music producer,https://www.google.com/maps/search/?api=1&query=Martyn%20Productions%20Recording%20Studio&query_place_id=ChIJa00xJ7H7tmQRH6bVouRSbvI,,
Quiethouse Recording,5.0,12,18 Pheasant St,Topsfield,Massachusetts,US,http://www.quiethouserecording.com/,(978) 254-1050,Recording studio,https://www.google.com/maps/search/?api=1&query=Quiethouse%20Recording&query_place_id=ChIJx0NE7ey4xokRNXODhqUDsOc,,
Rockpile Recording,5.0,3,4 Doctors Run,Rockport,Massachusetts,US,http://www.rockpilerecording.com/,(978) 337-6676,Recording studio,https://www.google.com/maps/search/?api=1&query=Rockpile%20Recording&query_place_id=ChIJ5w4M7QMm44kRsGZX1bBV1p8,,
Small Pond Studios,3.0,2,25 Spofford St,Georgetown,Massachusetts,US,https://www.smallpondstudios.io/,(800) 934-3951,Recording studio,https://www.google.com/maps/search/?api=1&query=Small%20Pond%20Studios&query_place_id=ChIJA6zhfsgF44kRvZMprmQ4fos,,
Labyrinth Soundworks,5.0,4,25 Magnavista Dr,Haverhill,Massachusetts,US,http://labyrinthsoundworks.com/,(978) 384-6312,Recording studio,https://www.google.com/maps/search/?api=1&query=Labyrinth%20Soundworks&query_place_id=ChIJFQIKR6QD44kR0lsjBq1b5v8,,
